Ticker,Title,URL,Published,Summary,Sentiment,Score,FetchedAt
IBM,IBM: Big Blue Is Not Going Back To The Dinosaur Age,https://seekingalpha.com/article/4940166-ibm-big-blue-is-not-going-back-to-the-dinosaur-age?source=feed_symbol_IBM,"Tue, 25 Aug 2026 22:22:09 -0400",IBM: Big Blue Is Not Going Back To The Dinosaur Age,neutral,50.0,2026-08-26T02:38:52.999810
IBM,Wall Street Lunch: IBM Advances Quantum Roadmap By Connecting Two Cryogenic Modules,https://seekingalpha.com/article/4938334-wall-street-lunch-ibm-advances-quantum-roadmap-by-connecting-two-cryogenic-modules?source=feed_symbol_IBM,"Wed, 19 Aug 2026 11:50:00 -0400",Wall Street Lunch: IBM Advances Quantum Roadmap By Connecting Two Cryogenic Modules,neutral,50.0,2026-08-19T16:12:38.654756
IBM,"IBM: Big Blue Sees Red Hat; Mainframe Headwinds, Software Tailwinds",https://seekingalpha.com/article/4937661-ibm-big-blue-sees-red-hat-mainframe-headwinds-software-tailwinds?source=feed_symbol_IBM,"Tue, 18 Aug 2026 07:32:25 -0400","IBM: Big Blue Sees Red Hat; Mainframe Headwinds, Software Tailwinds",neutral,50.0,2026-08-18T11:39:36.291468
IBM,"IBM: New And Agile Is Nice, But Don't Underestimate Classic Size And Power",https://seekingalpha.com/article/4930835-ibm-new-and-agile-is-nice-but-dont-underestimate-classic-size-and-power?source=feed_symbol_IBM,"Wed, 05 Aug 2026 11:38:26 -0400","IBM: New And Agile Is Nice, But Don't Underestimate Classic Size And Power",neutral,50.0,2026-08-05T17:02:42.391155
IBM,IBM: The Historic Stock Rout Is A Generational Opportunity,https://seekingalpha.com/article/4925440-ibm-the-historic-stock-rout-is-a-generational-opportunity?source=feed_symbol_IBM,"Fri, 24 Jul 2026 15:17:36 -0400",IBM: The Historic Stock Rout Is A Generational Opportunity,neutral,50.0,2026-07-24T19:41:30.173480
IBM,IBM: SaaSpocalypse Once More - Mature BigTech With Decent Dividend Yields,https://seekingalpha.com/article/4925313-ibm-saaspocalypse-once-more-mature-bigtech-with-decent-dividend-yields?source=feed_symbol_IBM,"Fri, 24 Jul 2026 11:00:00 -0400",IBM: SaaSpocalypse Once More - Mature BigTech With Decent Dividend Yields,neutral,50.0,2026-07-24T16:32:44.445033
IBM,International Business Machines Corporation 2026 Q2 - Results - Earnings Call Presentation,https://seekingalpha.com/article/4924630-international-business-machines-corporation-2026-q2-results-earnings-call-presentation?source=feed_symbol_IBM,"Thu, 23 Jul 2026 07:01:22 -0400",International Business Machines Corporation 2026 Q2 - Results - Earnings Call Presentation,neutral,50.0,2026-07-23T11:49:03.378883
IBM,International Business Machines Corporation (IBM) Q2 2026 Earnings Call Transcript,https://seekingalpha.com/article/4924447-international-business-machines-corporation-ibm-q2-2026-earnings-call-transcript?source=feed_symbol_IBM,"Wed, 22 Jul 2026 20:30:34 -0400",International Business Machines Corporation (IBM) Q2 2026 Earnings Call Transcript,neutral,50.0,2026-07-23T01:12:23.268619
IBM,IBM Hasn't Been This Cheap In Years - History Says What Happens Next,https://seekingalpha.com/article/4923456-ibm-hasnt-been-this-cheap-in-years-history-says-what-happens-next?source=feed_symbol_IBM,"Mon, 20 Jul 2026 10:27:11 -0400",IBM Hasn't Been This Cheap In Years - History Says What Happens Next,neutral,50.0,2026-07-20T15:20:42.530432
IBM,IBM Earnings Preview: A Maddening Long Since The Late '24 Breakout,https://seekingalpha.com/article/4923385-ibm-earnings-preview-maddening-long-since-late-2024-breakout?source=feed_symbol_IBM,"Mon, 20 Jul 2026 05:30:00 -0400",IBM Earnings Preview: A Maddening Long Since The Late '24 Breakout,neutral,50.0,2026-07-20T10:49:42.656083
IBM,IBM: Structurally Ill-Suited To Capture AI Demand,https://seekingalpha.com/article/4923276-ibm-structurally-ill-suited-to-capture-ai-demand?source=feed_symbol_IBM,"Sat, 18 Jul 2026 22:43:46 -0400",IBM: Structurally Ill-Suited To Capture AI Demand,neutral,50.0,2026-07-19T03:52:27.882485
IBM,"IBM Stock Looks Bruised, Not Broken Over The Long Term",https://seekingalpha.com/article/4923218-ibm-stock-looks-bruised-not-broken-over-the-long-term?source=feed_symbol_IBM,"Sat, 18 Jul 2026 07:03:09 -0400","IBM Stock Looks Bruised, Not Broken Over The Long Term",neutral,50.0,2026-07-18T11:29:02.366357
IBM,IBM: AI Just Exposed A Bigger Problem,https://seekingalpha.com/article/4922776-ibm-ai-just-exposed-a-bigger-problem?source=feed_symbol_IBM,"Thu, 16 Jul 2026 17:11:06 -0400",IBM: AI Just Exposed A Bigger Problem,neutral,50.0,2026-07-16T21:15:16.936160
IBM,"IBM Plunges, But Universal Software Decline Is A Fallacy",https://seekingalpha.com/article/4922744-ibm-plunges-but-universal-software-decline-is-a-fallacy?source=feed_symbol_IBM,"Thu, 16 Jul 2026 14:45:24 -0400","IBM Plunges, But Universal Software Decline Is A Fallacy",neutral,50.0,2026-07-16T18:48:31.101355
IBM,IBM: Timely Buying Opportunity After The Collapse,https://seekingalpha.com/article/4922462-ibm-timely-buying-opportunity-after-the-collapse?source=feed_symbol_IBM,"Wed, 15 Jul 2026 22:42:28 -0400","The text suggests that IBM stock currently offers a timely buying opportunity, likely after a recent price decline.",positive,90.0,2026-07-16T04:24:44.204652
IBM,AI Is Crowding Out IBM,https://seekingalpha.com/article/4922279-ai-is-crowding-out-ibm?source=feed_symbol_IBM,"Wed, 15 Jul 2026 10:17:49 -0400",AI Is Crowding Out IBM,neutral,50.0,2026-07-15T15:12:20.412710
IBM,IBM: Fake AI Story Unravels,https://seekingalpha.com/article/4922070-ibm-fake-ai-story-unravels?source=feed_symbol_IBM,"Tue, 14 Jul 2026 20:00:56 -0400",IBM: Fake AI Story Unravels,neutral,50.0,2026-07-15T00:04:34.081120
IBM,"IBM's Big AI Move Warrants Attention, But Not An Upgrade",https://seekingalpha.com/article/4917081-ibm-big-ai-move-warrants-attention-not-an-upgrade?source=feed_symbol_IBM,"Tue, 23 Jun 2026 14:36:42 -0400","IBM's Big AI Move Warrants Attention, But Not An Upgrade",neutral,50.0,2026-06-23T20:24:47.708675
IBM,"IBM: Slow, Steady With Room For Multiple Expansion (Rating Upgrade)",https://seekingalpha.com/article/4915240-ibm-slow-steady-with-room-for-multiple-expansion-rating-upgrade?source=feed_symbol_IBM,"Tue, 16 Jun 2026 03:20:24 -0400","IBM: Slow, Steady With Room For Multiple Expansion (Rating Upgrade)",neutral,50.0,2026-06-16T07:42:26.448148
IBM,IBM's Next Big Tailwind Has Arrived (Rating Upgrade),https://seekingalpha.com/article/4915001-ibms-next-big-tailwind-has-arrived-rating-upgrade?source=feed_symbol_IBM,"Mon, 15 Jun 2026 09:25:37 -0400",IBM's Next Big Tailwind Has Arrived (Rating Upgrade),neutral,50.0,2026-06-15T13:39:57.346404
IBM,International Business Machines Corporation (IBM) Presents at Bank of America 2026 Global Technology Conference Transcript,https://seekingalpha.com/article/4912918-international-business-machines-corporation-ibm-presents-at-bank-of-america-2026-global?source=feed_symbol_IBM,"Mon, 08 Jun 2026 10:48:29 -0400",International Business Machines Corporation (IBM) Presents at Bank of America 2026 Global Technology Conference Transcript,neutral,50.0,2026-06-08T15:43:48.159325
IBM,"IBM: Why AI Is An Opportunity Not A Threat, Raising My Price Target",https://seekingalpha.com/article/4909240-ibm-why-ai-is-an-opportunity-not-a-threat-raising-my-price-target?source=feed_symbol_IBM,"Wed, 27 May 2026 11:47:11 -0400","IBM: Why AI Is An Opportunity Not A Threat, Raising My Price Target",neutral,50.0,2026-05-27T17:45:48.853059
IBM,Wall Street Lunch: Washington Advances Quantum Race With $2B CHIPS Funding,https://seekingalpha.com/article/4907675-wall-street-lunch-quantum-stocks-surge-as-us-unveils-2b-chips-push-under-chips-act?source=feed_symbol_IBM,"Thu, 21 May 2026 15:38:41 -0400",Wall Street Lunch: Washington Advances Quantum Race With $2B CHIPS Funding,neutral,50.0,2026-05-21T21:11:10.490430
IBM,IBM: The Business Improved Faster Than Many Investors Realize,https://seekingalpha.com/article/4905056-ibm-stock-the-business-improved-faster-than-many-investors-realize?source=feed_symbol_IBM,"Fri, 15 May 2026 01:10:38 -0400",IBM: The Business Improved Faster Than Many Investors Realize,neutral,50.0,2026-05-15T07:41:07.901516
IBM,"CliffsNotes IBM, Boeing Earnings Summaries: Boeing's OK; IBM Is All About What Management Didn't Say",https://seekingalpha.com/article/4894508-cliffsnotes-ibm-boeing-earnings-summaries-boeing-ok-ibm-what-management-didnt-say?source=feed_symbol_IBM,"Mon, 27 Apr 2026 04:45:00 -0400","CliffsNotes IBM, Boeing Earnings Summaries: Boeing's OK; IBM Is All About What Management Didn't Say",neutral,50.0,2026-04-27T09:10:43.037332
IBM,IBM's Q1: Caught In AI Crossfire,https://seekingalpha.com/article/4893292-ibms-q1-caught-in-ai-crossfire?source=feed_symbol_IBM,"Thu, 23 Apr 2026 07:30:00 -0400",IBM's Q1: Caught In AI Crossfire,neutral,50.0,2026-04-23T16:54:03.988231
IBM,International Business Machines Corporation (IBM) Q1 2026 Earnings Call Transcript,https://seekingalpha.com/article/4893115-international-business-machines-corporation-ibm-q1-2026-earnings-call-transcript?source=feed_symbol_IBM,"Wed, 22 Apr 2026 22:10:37 -0400",International Business Machines Corporation (IBM) Q1 2026 Earnings Call Transcript,neutral,50.0,2026-04-23T06:18:56.966214
IBM,International Business Machines Corporation 2026 Q1 - Results - Earnings Call Presentation,https://seekingalpha.com/article/4893142-international-business-machines-corporation-2026-q1-results-earnings-call-presentation?source=feed_symbol_IBM,"Wed, 22 Apr 2026 22:02:21 -0400",International Business Machines Corporation 2026 Q1 - Results - Earnings Call Presentation,neutral,50.0,2026-04-23T06:18:58.548989
IBM,"Earnings Previews: Boeing Still Requires Patience, While IBM's AI Book Is Growing",https://seekingalpha.com/article/4892457-earnings-previews-boeing-requires-patience-ibm-ai-book-growing?source=feed_symbol_IBM,"Tue, 21 Apr 2026 13:06:00 -0400","Earnings Previews: Boeing Still Requires Patience, While IBM's AI Book Is Growing",neutral,50.0,2026-04-21T19:54:33.044399
IBM,IBM: AI Sting,https://seekingalpha.com/article/4888770-ibm-ai-sting?source=feed_symbol_IBM,"Mon, 06 Apr 2026 17:38:16 -0400",IBM: AI Sting,neutral,50.0,2026-04-06T21:53:34.687307
IBM,"IBM: Strong Execution, But Questions Around AI Value Capture",https://seekingalpha.com/article/4888506-ibm-strong-execution-but-questions-around-ai-value-capture?source=feed_symbol_IBM,"Sun, 05 Apr 2026 23:59:00 -0400","IBM: Strong Execution, But Questions Around AI Value Capture",neutral,50.0,2026-04-06T06:21:36.198354
IBM,IBM: The Market Is Overreacting And This Retracement Is Creating An Opportunity,https://seekingalpha.com/article/4887798-ibm-the-market-is-overreacting-and-this-retracement-is-creating-an-opportunity?source=feed_symbol_IBM,"Wed, 01 Apr 2026 09:40:00 -0400",IBM: The Market Is Overreacting And This Retracement Is Creating An Opportunity,neutral,50.0,2026-04-01T14:52:43.327116
IBM,IBM says its quantum computer simulates magnetic materials,https://seekingalpha.com/symbol/IBM/news?source=feed_symbol_IBM,"Thu, 26 Mar 2026 06:40:55 -0400",IBM says its quantum computer simulates magnetic materials,,0.0,2026-03-28T16:38:14.527047Z
IBM,"International Business Machines Corporation (IBM) Presents at Morgan Stanley Technology, Media & Telecom Conference 2026 Transcript",https://seekingalpha.com/article/4879779-international-business-machines-corporation-ibm-presents-at-morgan-stanley-technology-media?source=feed_symbol_IBM,"Sat, 07 Mar 2026 02:05:54 -0500","International Business Machines Corporation (IBM) Presents at Morgan Stanley Technology, Media & Telecom Conference 2026 Transcript",,0.0,2026-03-28T16:38:16.139488Z
IBM,International Business Machines Corporation (IBM) Presents at Bank of America View from the Top CEO Series Transcript,https://seekingalpha.com/article/4882324-international-business-machines-corporation-ibm-presents-at-bank-of-america-view-from-the-top?source=feed_symbol_IBM,"Thu, 05 Mar 2026 21:59:20 -0500",International Business Machines Corporation (IBM) Presents at Bank of America View from the Top CEO Series Transcript,,0.0,2026-03-28T16:38:16.390323Z
IBM,"If IBM Can Drop 13% In A Day, What Does This Say About These Market Conditions?",https://seekingalpha.com/article/4877925-if-ibm-can-drop-13-percent-in-a-day-what-does-this-say-about-these-market-conditions?source=feed_symbol_IBM,"Tue, 03 Mar 2026 18:22:56 -0500","If IBM Can Drop 13% In A Day, What Does This Say About These Market Conditions?",,0.0,2026-03-28T16:38:16.638871Z
IBM,"IBM: AI-Related Selloff In Software Makes Sense, But Not For IBM",https://seekingalpha.com/article/4876816-ibm-ai-related-selloff-in-software-makes-sense-but-not-for-ibm?source=feed_symbol_IBM,"Sun, 01 Mar 2026 09:00:00 -0500","IBM: AI-Related Selloff In Software Makes Sense, But Not For IBM",,0.0,2026-03-28T16:38:16.884340Z
